,0
DIE 4 YOU,DEAN(딘)
Perfect Night,LE SSERAFIM (르세라핌)
Drama,aespa
Baddie,IVE (아이브)
Chill Kill,Red Velvet (레드벨벳)
Love Lee,AKMU(악뮤)
You & Me,제니 (JENNIE)
Get A Guitar,RIIZE
지극히 사적인 얘기,다비치
I AM,IVE (아이브)
후라이의 꿈,AKMU(악뮤)
Standing Next to You,정국
잠시라도 우리,성시경
Either Way,IVE (아이브)
ETA,NewJeans
헤어지자 말해요,박재정
Super Shy,NewJeans
Seven (feat. Latto) - Clean Ver.,정국
Off The Record,IVE (아이브)
Ditto,NewJeans
Hype Boy,NewJeans
"Smoke (Prod. Dynamicduo, Padi)",다이나믹 듀오
Fast Forward,전소미
숲,최유리
음악의 신,세븐틴(SEVENTEEN)
퀸카 (Queencard),(여자)아이들
Steal The Show (From “엘리멘탈”),Lauv(라우브)
New Jeans,NewJeans
After LIKE,IVE (아이브)
Spicy,aespa
너의 모든 순간,성시경
미워 (Ego),Crush
OMG,NewJeans
Kitsch,IVE (아이브)
Underwater,권은비
Attention,NewJeans
Sweet Venom,ENHYPEN
Bubble,STAYC(스테이씨)
"이브, 프시케 그리고 푸른 수염의 아내",LE SSERAFIM (르세라핌)
I Don’t Think That I Like Her,Charlie Puth(찰리 푸스)
사막에서 꽃을 피우듯,우디(Woody)
인사,범진
I Love My Body,화사 (HWASA)
LOVE DIVE,IVE (아이브)
주저하는 연인들을 위해,잔나비
"어떻게 이별까지 사랑하겠어, 널 사랑하는 거지",AKMU(악뮤)
달빛에 그려지는,미연 ((여자)아이들)
한 페이지가 될 수 있게,DAY6 (데이식스)
"밤, 바다",최유리
All I Want for Christmas Is You,Mariah Carey(머라이어 캐리)
그대만 있다면 (여름날 우리 X 너드커넥션 (Nerd Connection)),너드커넥션(Nerd Connection)
사건의 지평선,윤하(Younha/ユンナ)
Dangerously,Charlie Puth(찰리 푸스)
"모든 날, 모든 순간 (Every day, Every Moment)",폴킴(Paul Kim)
별 떨어진다 (I Do),디오 (D.O.)
건물 사이에 피어난 장미 (Rose Blossom),H1-KEY (하이키)
Off My Face,Justin Bieber(저스틴 비버)
Baggy Jeans,NCT U
흠칫 (Hmm-cheat),Crush
"잘 지내자, 우리 (여름날 우리 X 로이킴)",로이킴
Chili,화사 (HWASA)
사랑은 늘 도망가,임영웅
Rewrite The Stars,Zac Efron(잭 에프론)
Cool With You,NewJeans
UNFORGIVEN (feat. Nile Rodgers),LE SSERAFIM (르세라핌)
락 (樂),Stray Kids (스트레이 키즈)
Yes or No,정국
That's Hilarious,Charlie Puth(찰리 푸스)
Knock Knock (Who's There?),Red Velvet (레드벨벳)
취중고백,김민석 (멜로망스)
꽃,지수(JISOO)
3D (feat. Jack Harlow),정국
STAY,The Kid LAROI
오르트구름,윤하(Younha/ユンナ)
Santa Tell Me,Ariana Grande(아리아나 그란데)
When I Get Old,Christopher(크리스토퍼)
다정히 내 이름을 부르면,경서예지
Shut Down,BLACKPINK
That’s Not How This Works (feat. Dan + Shay),Charlie Puth(찰리 푸스)
손오공,세븐틴(SEVENTEEN)
ANTIFRAGILE,LE SSERAFIM (르세라핌)
Talk Saxy,RIIZE
사랑인가 봐,멜로망스(MeloMance)
Fact Check (불가사의; 不可思議),NCT 127
ELEVEN,IVE (아이브)
그라데이션,10CM
Teddy Bear,STAYC(스테이씨)
Summer (Feat. BE’O (비오)),Paul Blanco
INVU,태연 (TAEYEON)
나에게 그대만이,탑현
파이팅 해야지 (Feat. 이영지),부석순(SEVENTEEN)
사실말야내가말야그게그러니까말이야,케이시
Thirsty,aespa
심(心),DK(디셈버)
첫 눈,EXO
Sugarcoat (NATTY Solo),KISS OF LIFE
Somebody,디오 (D.O.)
Memories,RIIZE
Snowman,Sia(시아)
해요 (2022),#안녕
